{"schemaVersion":"1.0","appDefinitionTemplate":{"id":"/providers/Microsoft.PowerApps/apps/","type":"Microsoft.PowerApps/apps","tags":{"primaryDeviceWidth":"1366","primaryDeviceHeight":"768","supportsPortrait":"true","supportsLandscape":"true","primaryFormFactor":"Tablet","showStatusBar":"false","publisherVersion":"3.24061.21","minimumRequiredApiVersion":"2.2.0","hasComponent":"false","hasUnlockedComponent":"false","isUnifiedRootApp":"false","sienaVersion":"20240614T235945Z-3.24061.21.0"},"properties":{"appVersion":"2024-06-14T23:59:45Z","lifeCycleId":"Published","createdByClientVersion":{"major":3,"minor":24061,"build":21,"revision":0,"majorRevision":0,"minorRevision":0},"minClientVersion":{"major":3,"minor":24061,"build":21,"revision":0,"majorRevision":0,"minorRevision":0},"backgroundColor":"RGBA(0,176,240,1)","backgroundImageUri":"/17132034404554433948/N904e79c1-2c26-414e-8bdc-49af9fd0b60c-logoSmallFile","displayName":"MineSweeper？","description":"","commitMessage":"","appUris":{"documentUri":{"value":"/17132034404554433948/Ne3be69ce-c326-4176-8219-efa9cfa14c2b-document.msapp"},"imageUris":[],"additionalUris":[{"isSolutionAware":false,"value":"/17132034404554433948/N9a059550-c06f-4073-847a-bc233c6a8a2d-identity.json"}]},"createdTime":"0001-01-01T00:00:00Z","lastModifiedTime":"0001-01-01T00:00:00Z","sharedGroupsCount":0,"sharedUsersCount":0,"connectionReferences":{},"databaseReferences":{},"almMode":"Environment","performanceOptimizationEnabled":true,"canConsumeAppPass":true,"enableModernRuntimeMode":false,"executionRestrictions":{"isTeamsOnly":false,"dataLossPreventionEvaluationResult":{"status":"Compliant","lastEvaluationDate":"2024-04-19T11:38:47.9041884Z","violations":[],"violationsByPolicy":[],"violationErrorMessage":"このアプリでは、次のコネクタが使用されます: 。"}}},"appType":"ClassicCanvasApp","appComponents":[]}}