{"schemaVersion":"1.0","appDefinitionTemplate":{"id":"/providers/Microsoft.PowerApps/apps/","type":"Microsoft.PowerApps/apps","tags":{"primaryDeviceWidth":"1136","primaryDeviceHeight":"640","supportsPortrait":"true","supportsLandscape":"true","primaryFormFactor":"Phone","showStatusBar":"false","publisherVersion":"3.24061.22","minimumRequiredApiVersion":"2.2.0","hasComponent":"false","hasUnlockedComponent":"false","isUnifiedRootApp":"false","sienaVersion":"20240616T071142Z-3.24061.22.0"},"properties":{"appVersion":"2024-06-16T07:11:42Z","lifeCycleId":"Published","createdByClientVersion":{"major":3,"minor":24061,"build":22,"revision":0,"majorRevision":0,"minorRevision":0},"minClientVersion":{"major":3,"minor":24061,"build":22,"revision":0,"majorRevision":0,"minorRevision":0},"backgroundColor":"rgba(50, 86, 160, 1)","backgroundImageUri":"/10586815052533145043/N63878144-32a4-47dd-9be8-2e7c5a572fef-logoSmallFile","displayName":"Power  Guardians","description":"","commitMessage":"","appUris":{"documentUri":{"value":"/10586815052533145043/Ne70d671d-bfc8-4a93-9088-a6b92e5005d1-document.msapp"},"imageUris":[],"additionalUris":[{"isSolutionAware":false,"value":"/10586815052533145043/Nc9824254-98e5-4f12-a847-4b0fe29bd312-identity.json"}]},"createdTime":"0001-01-01T00:00:00Z","lastModifiedTime":"0001-01-01T00:00:00Z","sharedGroupsCount":0,"sharedUsersCount":0,"connectionReferences":{},"databaseReferences":{},"almMode":"Environment","performanceOptimizationEnabled":false,"canConsumeAppPass":false,"enableModernRuntimeMode":false,"executionRestrictions":{"isTeamsOnly":false,"dataLossPreventionEvaluationResult":{"status":"Compliant","lastEvaluationDate":"2024-05-08T15:52:00.0690065Z","violations":[],"violationsByPolicy":[],"violationErrorMessage":"このアプリでは、次のコネクタが使用されます: 。"}}},"appType":"ClassicCanvasApp","appComponents":[]}}