{"schemaVersion":"1.0","appDefinitionTemplate":{"id":"/providers/Microsoft.PowerApps/apps/","type":"Microsoft.PowerApps/apps","tags":{"primaryDeviceWidth":"640","primaryDeviceHeight":"1136","supportsPortrait":"true","supportsLandscape":"true","primaryFormFactor":"Phone","showStatusBar":"false","publisherVersion":"3.24061.22","minimumRequiredApiVersion":"2.2.0","hasComponent":"false","hasUnlockedComponent":"false","isUnifiedRootApp":"false","sienaVersion":"20240616T075150Z-3.24061.21.0"},"properties":{"appVersion":"2024-06-16T07:51:50Z","lifeCycleId":"Published","createdByClientVersion":{"major":3,"minor":24061,"build":22,"revision":0,"majorRevision":0,"minorRevision":0},"minClientVersion":{"major":3,"minor":24061,"build":22,"revision":0,"majorRevision":0,"minorRevision":0},"backgroundColor":"RGBA(0,176,240,1)","backgroundImageUri":"/8251991343031620694/N13d67780-c335-44dc-83fe-fa46f06fb386-logoSmallFile","displayName":"JANKEN","description":"","commitMessage":"","appUris":{"documentUri":{"value":"/8251991343031620694/Ndb58d7e1-55d6-4edd-9b22-eea7acb8d823-document.msapp"},"imageUris":[],"additionalUris":[{"isSolutionAware":false,"value":"/8251991343031620694/Ne87c578c-3d19-42c4-a1ea-389c0e26933f-identity.json"}]},"createdTime":"0001-01-01T00:00:00Z","lastModifiedTime":"0001-01-01T00:00:00Z","sharedGroupsCount":0,"sharedUsersCount":0,"connectionReferences":{},"databaseReferences":{},"almMode":"Solution","performanceOptimizationEnabled":true,"canConsumeAppPass":true,"enableModernRuntimeMode":false,"executionRestrictions":{"isTeamsOnly":false,"dataLossPreventionEvaluationResult":{"status":"Compliant","lastEvaluationDate":"2024-06-12T11:11:11.0723117Z","violations":[],"violationsByPolicy":[],"violationErrorMessage":"このアプリでは、次のコネクタが使用されます: 。"}}},"appType":"ClassicCanvasApp","appComponents":[]}}