{"schemaVersion":"1.0","appDefinitionTemplate":{"id":"/providers/Microsoft.PowerApps/apps/","type":"Microsoft.PowerApps/apps","tags":{"primaryDeviceWidth":"640","primaryDeviceHeight":"1136","sienaVersion":"20240602T022601Z-3.24052.29.0","deviceCapabilities":"","supportsPortrait":"true","supportsLandscape":"false","primaryFormFactor":"Phone","publisherVersion":"3.24052.29","minimumRequiredApiVersion":"2.2.0","showStatusBar":"false","hasComponent":"true","hasUnlockedComponent":"true","isUnifiedRootApp":"false"},"properties":{"appVersion":"2024-06-02T02:26:01Z","lifeCycleId":"Published","createdByClientVersion":{"major":3,"minor":24052,"build":29,"revision":0,"majorRevision":0,"minorRevision":0},"minClientVersion":{"major":3,"minor":24052,"build":29,"revision":0,"majorRevision":0,"minorRevision":0},"backgroundColor":"RGBA(0,176,240,1)","backgroundImageUri":"/14765723877932540993/N6b7bdbfa-ef1e-43b8-9c47-2f1a60391251-logoSmallFile","displayName":"ぱわ～ あっぷすの館からの脱出 2024","description":"【JPPGB】ゲーム作成コンテスト #1　用にリメイクした Power Apps による脱出ゲーム","commitMessage":"","appUris":{"documentUri":{"value":"/14765723877932540993/Na18ca55b-d847-4884-93ee-81302b13a194-document.msapp"},"imageUris":[],"additionalUris":[{"isSolutionAware":false,"value":"/14765723877932540993/N671bb3ec-6ca7-4c8d-955f-125e98798d17-identity.json"}]},"createdTime":"0001-01-01T00:00:00Z","lastModifiedTime":"0001-01-01T00:00:00Z","sharedGroupsCount":0,"sharedUsersCount":0,"connectionReferences":{},"databaseReferences":{},"almMode":"Environment","performanceOptimizationEnabled":true,"canConsumeAppPass":true,"enableModernRuntimeMode":false,"executionRestrictions":{"isTeamsOnly":false,"dataLossPreventionEvaluationResult":{"status":"Compliant","lastEvaluationDate":"2020-10-31T15:14:44.6064264Z","violationDetails":[]}}},"appType":"ClassicCanvasApp","appComponents":[]}}