{"schemaVersion":"1.0","appDefinitionTemplate":{"id":"/providers/Microsoft.PowerApps/apps/","type":"Microsoft.PowerApps/apps","tags":{"primaryDeviceWidth":"1920","primaryDeviceHeight":"1080","supportsPortrait":"true","supportsLandscape":"true","primaryFormFactor":"Tablet","showStatusBar":"false","publisherVersion":"3.24052.29","minimumRequiredApiVersion":"2.2.0","hasComponent":"false","hasUnlockedComponent":"false","isUnifiedRootApp":"false","sienaVersion":"20240604T070817Z-3.24052.29.0"},"properties":{"appVersion":"2024-06-04T07:08:17Z","lifeCycleId":"Published","createdByClientVersion":{"major":3,"minor":24052,"build":29,"revision":0,"majorRevision":0,"minorRevision":0},"minClientVersion":{"major":3,"minor":24052,"build":29,"revision":0,"majorRevision":0,"minorRevision":0},"backgroundColor":"rgba(12, 59, 94, 1)","backgroundImageUri":"/1589228982613736849/N7fe1b413-edc2-4dc9-ad89-4faf6a3395c7-logoSmallFile","displayName":"ぴーたの異世界大冒険 ～最後のDX～","description":"異世界をDXで大冒険するゲームです！\nキャラ変更、テーマ変更、セーブ機能など搭載","commitMessage":"","appUris":{"documentUri":{"value":"/1589228982613736849/Na37d2c5e-6eee-4bf0-b5ae-1599c220e871-document.msapp"},"imageUris":[],"additionalUris":[{"isSolutionAware":false,"value":"/1589228982613736849/N2930a168-53f8-46e9-87bf-09104c0cb041-identity.json"}]},"createdTime":"0001-01-01T00:00:00Z","lastModifiedTime":"0001-01-01T00:00:00Z","sharedGroupsCount":0,"sharedUsersCount":0,"connectionReferences":{},"databaseReferences":{},"almMode":"Environment","performanceOptimizationEnabled":false,"canConsumeAppPass":false,"enableModernRuntimeMode":false,"executionRestrictions":{"isTeamsOnly":false,"dataLossPreventionEvaluationResult":{"status":"Compliant","lastEvaluationDate":"2024-06-03T00:40:34.0888509Z","violations":[],"violationsByPolicy":[],"violationErrorMessage":"このアプリでは、次のコネクタが使用されます: 。"}}},"appType":"ClassicCanvasApp","appComponents":[]}}