{"schemaVersion":"1.0","appDefinitionTemplate":{"id":"/providers/Microsoft.PowerApps/apps/","type":"Microsoft.PowerApps/apps","tags":{"primaryDeviceWidth":"1920","primaryDeviceHeight":"1080","supportsPortrait":"true","supportsLandscape":"true","primaryFormFactor":"Tablet","showStatusBar":"false","publisherVersion":"3.24061.19","minimumRequiredApiVersion":"2.2.0","hasComponent":"false","hasUnlockedComponent":"false","isUnifiedRootApp":"false","sienaVersion":"20240612T121500Z-3.24061.19.0"},"properties":{"appVersion":"2024-06-12T12:15:00Z","lifeCycleId":"Published","createdByClientVersion":{"major":3,"minor":24061,"build":19,"revision":0,"majorRevision":0,"minorRevision":0},"minClientVersion":{"major":3,"minor":24061,"build":19,"revision":0,"majorRevision":0,"minorRevision":0},"backgroundColor":"rgba(12, 59, 94, 1)","backgroundImageUri":"/1589228982613736849/N63b44757-7ee7-44e7-98b9-00bd900105a1-logoSmallFile","displayName":"ぴーたの異世界大冒険 ～最後のDX～","description":"異世界をDXで大冒険するゲームです！\nキャラ変更、テーマ変更、セーブ機能など搭載","commitMessage":"","appUris":{"documentUri":{"value":"/1589228982613736849/N3178385f-35c1-43c2-8c70-6eea03971b77-document.msapp"},"imageUris":[],"additionalUris":[{"isSolutionAware":false,"value":"/1589228982613736849/Nb1e4d31a-2dc2-44f3-8455-0a46040ef7d1-identity.json"}]},"createdTime":"0001-01-01T00:00:00Z","lastModifiedTime":"0001-01-01T00:00:00Z","sharedGroupsCount":0,"sharedUsersCount":0,"connectionReferences":{},"databaseReferences":{},"almMode":"Environment","performanceOptimizationEnabled":false,"canConsumeAppPass":false,"enableModernRuntimeMode":false,"executionRestrictions":{"isTeamsOnly":false,"dataLossPreventionEvaluationResult":{"status":"Compliant","lastEvaluationDate":"2024-06-03T00:40:34.0888509Z","violations":[],"violationsByPolicy":[],"violationErrorMessage":"このアプリでは、次のコネクタが使用されます: 。"}}},"appType":"ClassicCanvasApp","appComponents":[]}}