{"schemaVersion":"1.0","appDefinitionTemplate":{"id":"/providers/Microsoft.PowerApps/apps/","type":"Microsoft.PowerApps/apps","tags":{"primaryDeviceWidth":"1366","primaryDeviceHeight":"768","supportsPortrait":"true","supportsLandscape":"true","primaryFormFactor":"Tablet","showStatusBar":"false","publisherVersion":"3.24062.17","minimumRequiredApiVersion":"2.2.0","hasComponent":"false","hasUnlockedComponent":"false","isUnifiedRootApp":"false","sienaVersion":"20240619T062913Z-3.24062.17.0"},"properties":{"appVersion":"2024-06-19T06:29:13Z","lifeCycleId":"Published","createdByClientVersion":{"major":3,"minor":24062,"build":17,"revision":0,"majorRevision":0,"minorRevision":0},"minClientVersion":{"major":3,"minor":24062,"build":17,"revision":0,"majorRevision":0,"minorRevision":0},"backgroundColor":"RGBA(0,176,240,1)","backgroundImageUri":"/17132034404554433948/N76c4313b-44e1-4d73-bd4e-279789b2d57b-logoSmallFile","displayName":"MineSweeper？","description":"","commitMessage":"","appUris":{"documentUri":{"value":"/17132034404554433948/Ndc1f314d-affc-4990-9538-62eec928ecee-document.msapp"},"imageUris":[],"additionalUris":[{"isSolutionAware":false,"value":"/17132034404554433948/N9dfde0eb-aa2b-4988-8e8f-8d861b6a3c83-identity.json"}]},"createdTime":"0001-01-01T00:00:00Z","lastModifiedTime":"0001-01-01T00:00:00Z","sharedGroupsCount":0,"sharedUsersCount":0,"connectionReferences":{},"databaseReferences":{},"almMode":"Environment","performanceOptimizationEnabled":true,"canConsumeAppPass":true,"enableModernRuntimeMode":false,"executionRestrictions":{"isTeamsOnly":false,"dataLossPreventionEvaluationResult":{"status":"Compliant","lastEvaluationDate":"2024-04-19T11:38:47.9041884Z","violations":[],"violationsByPolicy":[],"violationErrorMessage":"このアプリでは、次のコネクタが使用されます: 。"}}},"appType":"ClassicCanvasApp","appComponents":[]}}