{"schemaVersion":"1.0","appDefinitionTemplate":{"id":"/providers/Microsoft.PowerApps/apps/","type":"Microsoft.PowerApps/apps","tags":{"primaryDeviceWidth":"1366","primaryDeviceHeight":"768","supportsPortrait":"true","supportsLandscape":"true","primaryFormFactor":"Tablet","showStatusBar":"false","publisherVersion":"3.24051.23","minimumRequiredApiVersion":"2.2.0","hasComponent":"false","hasUnlockedComponent":"false","isUnifiedRootApp":"false","sienaVersion":"20240526T160636Z-3.24051.23.0"},"properties":{"appVersion":"2024-05-26T16:06:36Z","lifeCycleId":"Published","createdByClientVersion":{"major":3,"minor":24051,"build":23,"revision":0,"majorRevision":0,"minorRevision":0},"minClientVersion":{"major":3,"minor":24051,"build":23,"revision":0,"majorRevision":0,"minorRevision":0},"backgroundColor":"RGBA(0,176,240,1)","backgroundImageUri":"/7048131970546811790/Nd607079f-eec6-4881-8fe3-984c4f0ff455-logoSmallFile","displayName":"Shoot & Bloom","description":"","commitMessage":"","appUris":{"documentUri":{"value":"/7048131970546811790/N40d6c4f2-05c6-4d07-9ef9-7e6f481e005f-document.msapp"},"imageUris":[],"additionalUris":[{"isSolutionAware":false,"value":"/7048131970546811790/N4855b220-d949-4938-ba4a-da8d2a01324d-identity.json"}]},"createdTime":"0001-01-01T00:00:00Z","lastModifiedTime":"0001-01-01T00:00:00Z","sharedGroupsCount":0,"sharedUsersCount":0,"connectionReferences":{},"databaseReferences":{},"almMode":"Environment","performanceOptimizationEnabled":true,"canConsumeAppPass":true,"enableModernRuntimeMode":false,"executionRestrictions":{"isTeamsOnly":false,"dataLossPreventionEvaluationResult":{"status":"Compliant","lastEvaluationDate":"2024-05-13T17:42:05.2922936Z","violations":[],"violationsByPolicy":[],"violationErrorMessage":"このアプリでは、次のコネクタが使用されます: 。"}}},"appType":"ClassicCanvasApp","appComponents":[]}}